2015-04-01,32.58,32.88,31.7,32.36,83637.15
2015-04-02,32.38,34.0,31.8,33.34,124060.55
2015-04-03,32.81,33.34,31.52,33.0,104870.13
2015-04-07,34.1,35.88,33.83,34.1,106162.98
2015-04-08,33.9,34.87,32.5,34.8,126396.28
2015-04-09,34.41,36.6,33.0,36.11,132047.55
2015-04-10,36.09,39.5,35.5,38.75,127984.86
2015-04-13,39.33,40.45,38.39,39.45,115244.24
2015-04-14,39.0,39.91,38.73,38.94,76027.98
2015-04-15,38.2,42.81,38.02,41.31,137786.0
2015-04-16,40.6,42.89,40.6,41.71,85549.44
2015-04-17,41.82,45.88,41.3,45.88,135783.17
2015-04-20,47.2,49.8,45.88,49.17,152052.89
2015-04-21,49.17,50.58,47.18,49.48,111502.71
2015-04-22,49.4,54.43,49.09,54.43,105086.79
2015-04-23,55.0,58.48,52.0,52.85,173681.19
2015-04-24,50.66,52.3,47.9,49.3,160408.88
2015-04-27,52.5,54.22,50.8,54.08,171736.88
2015-04-28,54.08,54.2,49.3,49.3,119697.36
2015-04-29,48.0,50.99,47.51,49.53,105198.85
2015-04-30,49.67,52.0,48.58,49.08,93011.47
2015-05-04,48.4,49.5,45.01,47.79,100862.75
2015-05-05,47.05,47.7,45.2,45.4,82853.92
2015-05-06,47.1,49.79,47.02,48.1,109772.49
2015-05-07,48.1,51.97,47.0,51.28,108656.39
2015-05-08,53.95,54.0,52.52,53.4,105087.61
2015-05-11,53.4,57.95,52.17,57.4,125313.84
2015-05-12,57.8,63.14,56.81,63.14,163362.41
2015-05-13,62.15,69.45,62.15,67.12,166789.12
2015-05-14,67.79,71.0,66.31,68.98,128606.17
2015-05-15,71.5,75.88,68.0,75.88,167514.12
2015-05-18,75.99,83.47,75.99,83.47,120975.2
2015-05-19,86.5,91.82,83.48,88.0,167871.3
2015-05-20,87.0,96.8,83.99,96.8,140145.41
2015-05-21,97.0,106.48,97.0,106.48,116509.28
2015-05-22,107.0,110.85,95.83,95.83,188982.48
2015-05-25,91.91,101.01,87.88,92.22,183254.97
2015-05-26,91.01,94.42,89.0,90.5,191088.66
2015-05-27,90.5,98.2,89.89,94.0,147941.52
2015-05-28,91.9,92.45,84.6,84.6,160278.69
2015-05-29,80.5,84.59,76.14,81.89,216379.55
2015-06-01,82.02,86.0,79.38,83.71,162233.05
2015-06-02,83.3,84.99,81.0,83.6,144838.58
2015-06-03,83.6,91.88,83.6,91.32,175063.42
2015-06-04,92.16,93.78,83.0,90.56,171117.3
2015-06-05,93.0,93.29,86.01,86.47,116537.5
2015-06-08,83.0,84.5,77.82,78.0,170504.94
2015-06-09,78.0,81.57,75.13,77.16,114094.31
2015-06-10,77.19,80.0,76.52,78.81,98211.84
2015-06-11,78.79,80.9,78.2,79.4,87278.96
2015-06-12,80.8,85.2,80.8,82.0,116306.93
2015-06-15,80.88,80.88,73.8,73.8,156767.3
2015-06-16,70.15,71.5,66.55,67.27,140901.91
2015-06-17,68.5,71.98,66.58,71.23,110118.15
2015-06-18,71.3,72.17,65.0,65.4,102194.45
2015-06-19,63.0,69.2,62.17,67.0,116620.79
2015-06-23,70.0,73.7,68.5,73.7,125353.74
2015-06-24,76.82,81.07,75.15,81.07,181823.62
2015-06-25,82.0,82.7,73.0,75.29,165405.27
2015-06-26,73.01,73.78,67.76,67.76,139090.09
2015-06-29,70.45,74.49,61.05,72.26,227363.34
2015-06-30,70.81,79.49,68.0,79.49,200815.72
2015-08-03,71.54,71.54,71.54,71.54,21279.0
2015-08-04,64.39,64.39,64.39,64.39,4936.0
2015-08-05,57.95,57.95,57.95,57.95,10690.0
2015-08-06,52.16,52.16,52.16,52.16,19950.0
2015-08-07,49.0,57.38,49.0,57.38,337817.19
2015-08-10,55.66,62.9,54.61,59.37,284881.56
2015-08-11,58.69,62.5,58.69,59.95,192335.16
2015-08-12,58.51,65.95,58.15,65.95,159599.69
2015-08-13,67.8,71.4,67.18,68.71,186853.94
2015-08-14,70.0,75.5,68.88,74.5,168622.44
2015-08-17,73.3,73.77,70.0,71.5,130540.88
2015-08-18,70.1,75.9,64.35,64.35,166528.52
2015-08-19,59.0,68.5,58.01,67.0,173832.56
2015-08-20,64.38,65.37,60.3,60.3,137487.69
2015-08-21,58.03,59.89,54.27,54.28,155133.31
2015-08-24,51.0,53.55,48.85,48.85,95387.54
2015-08-25,43.97,45.6,43.97,43.97,106804.4
2015-08-26,43.12,45.18,39.57,39.57,171456.22
2015-08-27,41.5,42.58,35.71,39.95,155404.19
2015-08-28,41.05,43.95,40.5,43.95,157337.7
2015-08-31,44.0,45.98,42.58,42.68,159056.84
2015-09-01,46.0,46.0,42.88,42.92,176783.2
2015-09-02,38.63,44.5,38.63,38.63,166408.34
2015-09-07,39.69,41.59,39.08,39.81,117382.1
2015-09-08,39.97,42.19,37.19,41.73,125963.29
2015-09-09,42.0,44.62,41.93,43.68,172921.8
2015-09-10,42.88,43.14,41.5,41.99,106896.69
2015-09-11,41.85,42.98,41.43,42.28,73367.67
2015-09-14,42.88,43.01,38.05,38.05,88721.78
2015-09-15,35.25,36.58,34.25,34.25,84861.34
2015-09-16,35.25,37.68,33.85,37.66,122414.5
2015-09-17,38.37,41.43,37.65,38.85,163604.34
2015-09-18,39.98,41.3,39.68,41.25,126068.19
2015-09-21,40.98,45.38,40.21,45.38,149265.8
2015-09-22,46.44,47.24,43.98,45.37,159744.23
2015-09-23,43.8,49.0,43.5,48.98,168378.95
2015-09-24,20.5,20.98,18.6,18.68,390325.06
2015-09-25,18.01,18.38,16.81,16.81,347717.53
2015-09-28,16.62,18.4,16.62,18.16,300492.53
2015-09-29,17.5,17.79,17.0,17.12,217227.11
2015-09-30,17.39,17.58,16.65,17.0,155589.12
2015-10-07,17.09,17.47,17.07,17.11,5750.0
2015-10-08,17.88,18.2,17.45,17.89,229775.88
2015-10-09,17.72,18.79,17.2,18.12,320424.25
2015-10-12,18.12,19.93,18.12,19.93,377648.0
2015-10-13,19.9,20.9,19.57,20.34,345483.25
2015-10-14,20.12,20.58,19.46,19.6,285891.66
2015-10-15,19.4,20.46,19.31,20.32,243770.86
2015-10-16,20.7,20.82,19.71,20.16,272386.47
2015-10-19,20.18,20.28,19.12,19.52,248875.8
2015-10-20,19.48,20.65,19.45,20.5,296566.31
2015-10-21,20.58,20.78,18.45,18.45,332672.94
2015-10-22,18.3,20.22,18.21,20.11,269242.94
2015-10-23,19.7,20.26,19.25,19.88,362572.09
2015-10-26,20.29,21.87,19.61,21.87,446923.0
2015-10-27,21.99,23.86,21.01,22.96,605970.25
2015-10-28,22.22,22.6,21.0,21.39,365335.31
2015-10-29,21.6,21.96,20.87,21.35,217800.19
2015-10-30,21.3,21.76,20.5,21.0,198950.17
2015-11-02,20.3,21.27,19.95,19.98,192792.67
2015-11-03,18.2,19.5,17.98,17.98,494139.22
2015-11-04,17.8,18.95,17.8,18.67,381378.41
2015-11-05,18.75,20.03,18.75,19.12,305626.22
2015-11-06,19.12,19.88,19.12,19.43,239525.11
2015-11-09,19.13,19.76,18.16,19.51,313024.94
2015-11-10,19.01,21.46,18.95,21.46,480989.97
2015-11-11,22.0,22.85,21.59,22.45,545234.75
2015-11-12,22.46,23.68,21.7,23.06,468039.34
2015-11-13,22.49,24.83,22.16,23.85,491135.62
2015-11-16,23.28,24.5,22.75,23.92,346071.31
2015-11-17,24.0,24.55,23.1,23.2,331280.75
2015-11-18,23.1,23.68,21.98,22.0,271757.5
2015-11-19,21.75,22.77,21.75,22.69,195122.3
2015-11-20,22.82,24.96,22.57,24.96,476392.97
2015-12-01,24.0,24.56,22.46,22.68,460775.09
2015-12-02,22.68,22.68,20.6,21.44,209202.16
2015-12-03,21.44,22.99,21.41,22.35,171505.69
2015-12-04,21.88,22.48,21.23,21.44,221952.42
2015-12-07,21.44,21.77,20.78,21.28,169975.64
2015-12-08,21.28,21.28,20.02,20.18,195692.2
2015-12-09,20.77,21.43,20.5,20.92,213002.09
2015-12-10,20.8,20.92,20.23,20.29,159150.17
2015-12-11,20.12,20.55,20.05,20.38,131636.69
2015-12-14,20.15,21.19,20.0,21.08,140360.2
2015-12-15,21.3,21.85,21.25,21.52,151396.7
2015-12-16,21.51,21.93,21.0,21.43,146811.86
2015-12-17,21.38,21.98,21.38,21.98,189609.31
2015-12-18,21.98,22.8,21.74,22.32,205190.62
2015-12-21,22.03,23.27,22.03,22.57,186178.11
2015-12-22,22.9,22.9,22.03,22.24,156709.52
2015-12-23,22.25,22.69,21.7,21.82,173316.58
2015-12-24,21.7,22.05,21.5,21.98,113158.8
2015-12-25,22.1,22.19,21.61,21.72,95950.26
2015-12-28,21.72,23.55,21.72,22.67,297477.16
2015-12-29,22.6,22.72,21.87,22.72,151385.02
2015-12-30,23.65,24.67,22.81,23.18,278098.41
2015-12-31,22.86,25.0,22.8,24.3,424683.59
2016-01-04,23.89,23.9,21.87,21.87,258376.31
2016-01-05,20.1,21.47,19.68,20.29,268414.59
2016-01-06,20.33,20.95,19.9,20.76,175973.48
2016-01-07,20.16,20.29,18.68,18.68,64942.5
2016-01-08,19.0,19.3,16.81,18.37,216852.48
2016-01-11,17.75,17.9,16.53,16.53,206158.05
2016-01-12,16.2,17.5,16.2,16.82,132819.3
2016-01-13,16.98,17.15,16.0,16.03,113947.51
2016-01-14,15.7,17.28,15.4,17.17,160958.69
2016-01-15,17.35,17.98,16.8,17.2,194309.94
2016-01-18,17.2,18.29,17.2,17.92,161000.31
2016-01-19,17.82,18.54,17.58,18.47,161167.19
2016-01-20,18.06,18.38,17.72,17.89,134815.98
2016-01-21,17.48,18.05,16.41,16.55,126576.22
2016-01-22,16.99,17.19,16.2,16.75,99388.12
2016-01-25,17.07,17.14,16.7,16.87,62999.21
2016-01-26,16.58,16.71,15.18,15.18,124060.97
2016-01-27,15.15,15.45,13.7,14.85,129000.24
2016-01-28,14.6,14.79,13.56,13.87,99633.92
2016-01-29,14.0,14.76,13.7,14.52,99926.16
2016-02-01,14.4,14.63,13.85,14.1,75011.5
2016-02-02,14.25,14.9,14.13,14.71,90662.86
2016-02-03,14.56,16.0,14.4,15.51,135440.09
2016-02-04,15.26,15.88,15.25,15.57,135426.86
2016-02-05,15.48,15.6,15.08,15.13,84051.88
2016-02-15,14.33,15.73,14.15,15.26,97827.31
2016-02-16,15.15,15.85,15.15,15.76,125479.07
2016-02-17,16.3,16.48,15.64,16.04,141009.03
2016-02-18,16.2,16.2,15.67,15.7,121387.5
2016-02-19,15.69,15.92,15.56,15.73,99000.29
2016-02-22,15.52,15.7,14.41,15.36,346012.94
2016-02-23,15.11,15.18,14.61,14.81,233558.17
2016-02-24,14.57,15.44,14.57,15.37,257473.12
2016-02-25,15.45,15.63,13.83,13.83,268206.91
2016-02-26,14.0,14.15,13.25,13.65,182408.8
2016-02-29,13.53,13.72,12.29,12.29,132285.91
2016-03-01,12.31,12.73,11.71,12.5,132031.83
2016-03-02,12.43,13.13,12.32,12.99,157396.39
2016-03-03,12.9,13.85,12.83,13.15,184256.5
2016-03-04,13.0,13.16,11.9,12.06,184270.58
2016-03-07,12.28,12.68,12.15,12.2,153548.3
2016-03-08,12.28,12.34,11.4,12.25,154486.06
2016-03-09,11.93,12.54,11.76,12.44,139720.94
2016-03-10,12.48,13.09,12.27,12.61,192571.84
2016-03-11,12.8,13.48,12.79,13.37,223578.75
2016-03-14,13.42,13.98,13.22,13.64,227001.62
2016-03-15,13.49,13.58,13.13,13.24,127283.26
2016-03-16,13.46,13.57,12.95,13.08,99788.56
2016-03-17,13.25,14.05,13.09,13.85,190286.67
2016-03-18,13.99,14.65,13.85,14.52,190218.44
2016-03-21,15.06,15.21,14.66,14.85,189362.83
2016-03-22,14.45,15.08,14.25,14.86,161191.67
2016-03-23,14.65,14.85,14.51,14.78,116867.81
2016-03-24,14.56,14.94,14.32,14.6,148982.42
2016-03-25,14.49,16.02,14.41,15.61,194698.41
2016-03-28,15.8,16.75,15.47,16.02,218710.8
2016-03-29,15.86,16.09,15.18,15.32,124365.95
2016-03-30,15.45,16.2,15.45,16.11,141541.38
2016-03-31,16.13,16.44,15.87,15.9,120037.27
2016-04-01,15.95,15.98,15.5,15.67,81059.54
2016-04-05,15.5,15.95,15.48,15.81,115723.53
2016-04-06,15.69,16.12,15.6,15.93,109120.17
2016-04-07,15.94,16.2,15.3,15.35,97288.32
2016-04-08,15.35,15.35,14.81,15.1,83995.74
2016-04-11,15.18,15.46,15.18,15.25,86424.45
2016-04-12,15.26,15.37,14.91,15.0,78859.35
2016-04-13,15.1,16.5,15.1,16.5,225947.89
2016-04-14,16.76,16.97,16.18,16.41,202496.17
2016-04-15,16.28,16.63,16.08,16.57,130762.86
2016-04-18,16.38,16.38,16.0,16.03,88478.33
2016-04-19,16.31,16.83,16.1,16.18,119767.37
2016-04-20,16.23,16.4,14.66,15.01,145383.09
2016-04-21,14.98,15.15,14.5,14.62,87689.75
2016-04-22,14.45,14.78,14.31,14.73,57746.31
2016-04-25,14.81,14.81,14.33,14.52,46805.14
2016-04-26,14.52,14.69,14.33,14.6,68745.33
2016-04-27,14.6,14.67,14.4,14.46,54604.6
2016-04-28,14.55,14.55,13.85,14.25,70395.21
2016-04-29,14.28,15.37,14.1,15.07,121624.6
2016-05-03,14.81,15.58,14.81,15.35,96562.88
2016-05-04,15.2,15.3,14.91,15.06,92569.98
2016-05-05,14.98,15.91,14.88,15.58,97886.13
2016-05-06,15.48,15.67,14.6,14.77,99230.75
2016-05-09,14.5,14.59,13.73,13.8,77328.96
2016-05-10,13.8,14.05,13.59,13.78,41956.18
2016-05-11,14.06,14.06,13.62,13.78,32425.12
2016-05-12,13.5,13.75,13.11,13.66,40105.03
2016-05-13,13.66,13.94,13.4,13.52,34179.35
2016-05-16,13.52,13.83,13.46,13.82,38164.14
2016-05-17,13.88,14.06,13.63,13.87,47066.67
2016-07-08,15.26,15.26,15.26,15.26,9276.85
2016-07-11,16.0,16.68,15.81,16.06,320143.66
2016-07-12,15.39,15.62,14.5,14.76,308221.34
2016-07-13,14.72,16.24,14.72,16.24,335456.34
2016-07-14,15.9,16.0,15.31,15.84,317291.44
2016-07-15,15.56,15.58,15.05,15.22,181789.59
2016-07-18,15.0,15.47,14.91,15.13,125824.89
2016-07-19,15.4,15.5,14.79,15.08,109286.22
2016-07-20,14.93,15.06,14.78,14.84,109832.16
2016-07-21,14.86,15.0,14.75,14.8,81006.56
2016-07-22,14.95,15.26,14.68,14.82,75484.68
2016-07-25,14.69,14.69,14.1,14.16,123968.68
2016-07-26,14.13,14.3,14.1,14.27,67755.88
2016-07-27,14.25,14.25,12.93,13.09,179592.42
2016-07-28,13.0,13.15,12.44,12.75,99400.6
2016-07-29,12.75,13.54,12.46,13.4,139814.0
2016-08-01,13.1,13.75,12.9,13.45,100200.03
2016-08-02,13.45,13.56,13.1,13.48,54811.01
2016-08-03,13.26,13.65,13.26,13.49,66357.1
2016-08-04,13.58,13.58,13.28,13.48,56859.09
2016-08-05,14.83,14.83,14.83,14.83,88612.03
2016-08-08,15.06,15.88,15.03,15.17,367562.28
2016-08-09,14.8,15.67,14.55,15.46,265895.5
2016-08-10,15.3,15.98,15.11,15.53,291531.53
2016-08-11,15.35,15.53,14.8,14.84,178475.8
2016-08-12,14.62,15.15,14.62,14.88,119543.15
2016-08-15,14.88,15.34,14.58,15.07,164740.27
2016-08-16,15.1,15.43,15.03,15.1,138172.31
2016-08-17,15.0,15.75,14.85,15.51,210599.19
2016-08-18,15.38,15.85,15.25,15.34,175666.27
2016-08-19,15.31,16.7,15.31,16.28,382764.12
2016-08-22,16.12,17.5,15.88,16.78,408887.06
2016-08-23,16.37,16.68,16.13,16.49,220079.2
2016-08-24,16.56,17.06,15.67,16.0,232659.55
2016-08-25,15.69,15.8,15.3,15.36,166702.77
2016-08-26,15.48,15.73,15.3,15.56,109283.7
2016-08-29,15.42,15.48,15.04,15.18,91592.57
2016-08-30,15.19,15.39,15.12,15.21,68417.34
2016-08-31,15.25,15.45,14.92,15.42,86746.68
2016-09-01,15.46,15.72,15.3,15.3,98924.21
2016-09-02,15.31,15.38,14.96,15.06,72956.1
2016-09-05,14.88,15.67,14.82,15.58,146595.2
2016-09-06,15.43,16.1,15.33,16.02,179499.06
2016-09-07,15.95,16.49,15.75,16.06,178052.02
2016-09-08,17.01,17.32,16.25,16.41,178815.75
2016-09-09,16.32,16.96,16.21,16.44,133524.73
2016-09-12,15.95,16.17,15.7,15.72,115497.5
2016-09-13,15.85,16.13,15.72,15.85,65919.25
2016-09-14,15.79,15.79,15.4,15.47,68602.11
2016-09-19,15.48,15.77,15.36,15.39,58698.45
2016-09-20,15.48,15.53,15.15,15.34,58397.32
2016-09-21,15.37,15.7,15.2,15.7,68204.83
2016-09-22,15.75,16.03,15.7,15.7,84672.84
2016-09-23,15.81,16.46,15.78,16.24,141241.47
2016-09-26,16.1,16.1,15.4,15.41,94387.96
2016-09-27,15.36,15.73,15.31,15.72,63372.67
2016-09-28,16.0,16.17,15.74,15.79,77934.3
2016-09-29,15.64,16.1,15.57,16.1,89118.01
2016-09-30,16.0,16.14,15.92,16.03,61545.69
2016-10-10,15.99,16.43,15.81,16.38,117846.32
2016-10-11,16.28,16.35,16.13,16.24,78168.74
2016-10-12,16.08,16.1,15.81,15.88,76634.72
2016-10-13,15.76,16.09,15.69,16.06,85599.08
2016-10-14,15.95,16.07,15.72,15.86,47472.5
2016-10-17,15.81,15.85,15.34,15.37,84751.26
2016-10-18,15.3,15.59,15.28,15.55,51202.46
2016-10-19,15.55,15.59,15.08,15.33,66095.35
2016-10-20,15.35,16.86,15.35,16.86,277690.31
2016-10-21,17.09,17.38,16.42,16.92,485228.06
2016-10-24,16.73,17.08,16.41,16.87,217373.81
2016-10-25,16.9,17.77,16.8,17.15,245498.05
2016-10-26,17.0,17.14,16.61,16.97,151671.84
2016-10-27,16.9,17.3,16.72,17.24,166254.77
2016-10-28,17.28,17.29,16.72,16.74,114571.7
2016-11-02,16.53,16.54,16.2,16.2,74375.75
2016-11-03,16.19,17.14,16.05,16.63,121705.56
2016-11-04,16.5,16.56,16.04,16.42,107531.28
2016-11-07,16.4,16.64,16.2,16.62,108228.58
2016-11-08,16.88,16.88,16.45,16.53,96445.75
2016-11-09,16.45,16.48,16.05,16.36,89019.96
2016-11-10,16.6,16.87,16.53,16.56,103074.84
2016-11-11,16.56,17.45,16.4,17.12,204648.31
2016-11-14,16.9,17.75,16.8,17.61,248849.64
2016-11-15,17.53,18.0,17.43,17.58,193591.41
2016-11-16,17.63,17.92,17.4,17.52,165962.3
2016-11-17,17.44,18.88,17.3,18.5,275123.97
2016-11-18,18.5,18.8,18.07,18.16,206024.55
2016-11-21,18.03,18.42,17.72,17.8,117266.14
2016-11-22,17.98,18.45,17.81,18.4,155082.47
2016-11-23,18.38,18.65,18.0,18.0,112326.9
2016-11-24,18.48,18.99,18.25,18.37,218241.38
2016-11-25,18.23,18.35,17.56,18.06,133315.61
2016-11-28,18.25,18.29,17.72,17.78,80514.42
2016-11-29,17.76,17.97,17.51,17.52,70176.43
2016-11-30,17.41,17.73,17.32,17.45,63507.35
2016-12-01,17.38,17.57,17.37,17.46,41405.44
2016-12-02,17.51,17.51,16.93,16.95,70694.37
2016-12-05,16.68,17.28,16.53,16.75,50909.89
2016-12-06,16.83,16.94,16.59,16.62,42337.35
2016-12-07,16.64,17.16,16.59,17.06,61333.73
2016-12-08,16.96,17.09,16.74,16.74,38152.27
2016-12-09,16.72,16.95,16.72,16.85,29014.18
2016-12-12,16.82,16.98,15.7,15.87,87471.71
2016-12-13,16.0,16.0,15.41,15.81,52974.29
2016-12-14,15.9,15.92,15.46,15.56,39818.14
2016-12-15,15.5,15.93,15.44,15.62,50079.01
2016-12-16,15.65,16.02,15.6,16.0,54347.34
2016-12-19,16.16,16.41,16.0,16.32,68353.29
2016-12-20,16.27,16.38,16.01,16.11,40140.5
2016-12-21,16.3,16.72,16.06,16.72,82824.9
2016-12-22,16.72,17.4,16.59,17.28,89212.1
2016-12-23,17.28,17.55,16.89,17.01,78451.68
2016-12-26,17.0,17.63,16.71,17.56,77722.72
2016-12-27,17.7,17.7,17.23,17.57,63950.0
2016-12-28,17.57,17.57,16.95,16.97,42997.0
2016-12-29,17.1,17.44,16.75,16.75,63743.66
2016-12-30,16.74,17.22,16.66,17.2,116557.46
2017-01-03,17.28,17.28,16.82,16.92,50168.45
2017-01-04,16.92,17.06,16.73,17.0,54844.17
2017-01-05,17.07,17.26,16.93,16.98,44775.55
2017-01-06,16.96,17.07,16.81,16.88,32645.0
2017-01-09,16.94,17.12,16.75,16.8,33966.5
2017-01-10,16.76,16.94,16.46,16.46,46445.71
2017-01-11,16.49,16.63,16.05,16.1,52084.16
2017-01-12,16.16,16.4,16.1,16.2,28235.8
2017-01-13,16.23,16.39,16.03,16.11,28595.1
2017-01-16,16.11,16.16,14.5,15.32,55355.49
2017-01-17,15.45,16.24,15.28,15.98,46180.99
2017-01-18,15.98,16.17,15.78,16.0,19405.04
2017-01-19,16.15,16.29,15.89,15.9,20117.95
2017-01-20,15.9,16.25,15.9,16.14,25921.45
2017-01-23,16.13,16.33,16.12,16.12,16008.59
2017-01-24,16.28,16.44,16.1,16.28,36160.0
2017-01-25,16.2,16.24,15.96,16.11,22674.07
2017-01-26,16.21,16.27,16.12,16.16,12605.0
2017-02-02,16.16,16.16,16.16,16.16,2.0
2017-02-03,16.33,16.33,15.79,15.8,22155.07
2017-02-06,15.69,15.93,15.62,15.8,30871.03
2017-02-07,15.8,15.81,15.48,15.56,33258.14
2017-02-08,15.53,15.85,15.41,15.7,25633.71
2017-02-09,15.67,15.81,15.64,15.7,27406.91
2017-02-10,15.77,15.94,15.7,15.7,37414.5
2017-02-13,15.76,15.8,15.56,15.67,32109.54
2017-02-14,15.61,15.75,15.55,15.71,29200.32
2017-02-15,15.7,15.88,15.65,15.88,43933.99
2017-02-16,15.7,15.95,15.7,15.82,38883.77
2017-02-17,15.87,16.27,15.71,16.17,76673.0
2017-02-20,16.3,16.33,16.01,16.18,51096.8
2017-02-21,16.23,16.31,16.04,16.23,49534.8
2017-02-22,16.21,16.33,15.98,16.25,48830.18
2017-02-23,16.29,16.42,16.14,16.38,53690.12
2017-02-24,16.44,16.6,16.08,16.2,69457.44
2017-02-27,16.24,16.33,15.66,15.76,62126.9
2017-02-28,15.79,15.85,15.58,15.77,46446.54
2017-03-01,15.77,15.78,15.58,15.66,46906.63
2017-03-02,15.7,16.41,15.6,16.12,126277.17
2017-03-03,15.9,15.9,15.62,15.89,64784.93
2017-03-06,15.67,15.99,15.67,15.84,44825.03
2017-03-07,15.84,15.88,15.64,15.64,50952.3
2017-03-08,15.68,15.75,15.63,15.69,34014.5
2017-03-09,15.65,15.71,15.41,15.49,42257.8
2017-03-10,15.46,15.56,15.4,15.42,27091.01
2017-03-13,15.44,15.46,15.12,15.44,39305.0
2017-03-14,15.4,15.46,15.2,15.21,34014.56
2017-03-15,15.21,15.77,15.16,15.71,75704.61
2017-03-16,15.78,15.82,15.56,15.68,49193.53
2017-03-17,15.68,15.74,15.37,15.37,38511.77
2017-03-20,15.27,15.64,15.27,15.46,37835.91
2017-03-21,15.54,15.56,15.35,15.41,34302.72
2017-03-22,15.3,15.44,15.13,15.21,34259.06
2017-03-23,15.21,15.31,14.83,14.91,47341.51
2017-03-24,14.91,15.04,14.83,14.93,29362.13
2017-03-27,14.97,15.14,14.85,14.97,29687.13
2017-03-28,15.02,15.07,14.84,14.9,23210.5
2017-03-29,14.84,14.93,14.33,14.45,51054.89
2017-03-30,14.48,14.71,14.15,14.16,47508.59
2017-03-31,14.3,14.3,13.9,14.03,39297.24
2017-04-05,13.85,14.15,13.78,14.15,52937.71
2017-04-06,14.2,14.2,14.03,14.1,31399.28
2017-04-07,14.1,14.9,14.1,14.71,86134.7
2017-04-10,14.58,15.2,14.58,14.82,74331.14
2017-04-11,14.69,15.0,14.69,14.9,38720.04
2017-04-12,14.88,14.98,14.7,14.7,30948.5
2017-04-13,14.72,14.94,14.55,14.74,22781.57
2017-04-14,14.73,14.9,14.55,14.84,29183.1
2017-04-17,14.63,14.78,14.38,14.5,23928.4
2017-04-18,14.66,14.68,14.16,14.18,20237.0
2017-04-19,14.16,14.27,13.8,14.01,30360.0
2017-04-20,14.12,14.17,13.97,14.11,18987.51
2017-04-21,14.12,14.95,14.06,14.52,44480.32
2017-04-24,14.32,14.61,14.3,14.3,29829.28
2017-04-25,14.32,14.75,14.15,14.57,30661.03
2017-04-26,14.69,14.73,14.44,14.57,27273.45
2017-04-27,14.6,14.69,14.24,14.65,39580.65
2017-04-28,14.66,14.82,14.54,14.65,30203.53
2017-05-02,14.65,14.65,14.33,14.36,28214.07
2017-05-03,14.31,14.82,14.21,14.82,50382.56
2017-05-04,14.81,15.27,14.69,15.17,75047.31
2017-05-05,15.05,15.27,14.96,15.06,42451.8
2017-05-08,15.13,15.43,14.95,15.17,71138.18
2017-05-09,15.19,15.4,14.68,15.0,59571.5
2017-05-10,14.99,15.13,14.68,14.7,37513.77
2017-05-11,14.6,15.08,14.21,15.04,51066.92
2017-05-12,15.05,15.42,14.85,15.37,63143.79
2017-05-15,15.29,15.47,15.18,15.33,51285.68
2017-05-16,15.32,15.44,15.13,15.37,42117.32
2017-05-17,15.3,15.55,15.2,15.22,43074.6
2017-05-18,15.0,15.54,14.94,15.41,62664.83
2017-05-19,15.4,15.66,15.21,15.25,34904.05
2017-05-22,15.33,15.44,15.17,15.44,43879.62
2017-05-23,15.34,15.48,15.08,15.3,63938.02
2017-05-24,15.2,15.2,14.43,15.05,56226.69
2017-05-25,14.93,15.16,14.81,15.1,31093.0
2017-05-26,15.05,15.27,15.0,15.2,28078.5
2017-05-31,15.2,15.4,15.13,15.3,44272.5
2017-06-01,15.21,15.43,15.13,15.22,37372.0
2017-06-02,15.21,15.25,14.74,14.75,39512.55
2017-06-05,14.82,15.08,14.82,14.97,35372.0
2017-06-06,14.9,15.06,14.9,14.95,21230.5
2017-06-07,14.98,15.19,14.93,15.09,32758.57
2017-06-08,15.18,15.18,14.92,14.95,32608.0
2017-06-09,15.01,15.03,14.81,14.91,23194.83
2017-06-12,14.97,15.14,14.82,15.0,29455.44
2017-06-13,14.9,15.06,14.9,14.98,18983.58
2017-06-14,15.03,15.03,14.78,14.8,23468.5
2017-06-15,14.85,15.25,14.73,15.12,42203.84
2017-06-16,15.18,15.4,15.01,15.06,42016.81
2017-06-19,15.05,15.19,14.9,15.01,26127.56
2017-06-20,15.02,15.11,14.93,14.94,25309.25
2017-06-21,14.9,15.25,14.9,15.25,43719.59
2017-06-22,15.2,15.35,15.02,15.02,36300.02
2017-06-23,15.15,15.32,14.96,15.23,38050.27
2017-06-26,15.23,15.3,15.17,15.26,23052.05
2017-06-27,15.29,15.47,15.23,15.3,29067.75
2017-06-28,15.23,15.35,15.14,15.21,23453.29
2017-06-29,15.22,15.49,15.22,15.3,43643.0
2017-06-30,15.29,16.26,15.23,15.97,116481.33
2017-07-03,15.99,16.35,15.9,16.09,59838.08
2017-07-04,16.08,16.17,15.88,15.89,42647.66
2017-07-05,15.9,16.16,15.9,15.93,42621.94
2017-07-06,15.95,16.17,15.95,16.07,42573.5
2017-07-07,16.08,16.3,15.92,16.17,38618.24
2017-07-10,16.16,16.16,15.77,15.83,43321.5
2017-07-11,15.78,16.03,15.73,15.92,35123.18
2017-07-12,15.85,15.97,15.45,15.74,31493.56
2017-07-13,15.85,15.85,15.56,15.62,24142.75
2017-07-14,15.7,15.83,15.6,15.67,15379.15
2017-07-17,15.62,15.62,14.39,14.48,61987.72
2017-07-18,14.5,14.76,14.22,14.36,37493.75
2017-07-19,14.63,14.98,14.52,14.86,44355.87
2017-07-20,14.86,15.48,14.7,15.2,104810.08
2017-07-21,15.11,15.4,15.05,15.11,28299.71
2017-07-24,15.06,15.2,14.87,14.87,33827.84
2017-07-25,14.95,15.05,14.84,14.95,22759.29
2017-07-26,15.08,15.16,14.7,14.94,30107.01
2017-07-27,14.7,15.45,14.61,15.25,78655.62
2017-07-28,15.2,15.32,15.08,15.08,39162.71
2017-07-31,15.08,15.42,15.08,15.38,50047.06
2017-08-01,15.32,15.48,15.05,15.25,58866.5
2017-08-02,15.3,15.48,15.1,15.28,42691.62
2017-08-03,15.28,16.2,15.22,15.78,91666.94
2017-08-04,15.79,16.31,15.66,16.16,133576.06
2017-08-07,16.5,16.67,16.07,16.31,156411.97
2017-08-08,16.31,16.61,16.12,16.52,140621.62
2017-08-09,16.91,17.58,16.71,17.27,213370.23
2017-08-10,17.0,17.51,16.77,16.85,158424.69
2017-08-11,16.62,17.09,16.52,16.56,139302.91
2017-08-14,16.58,16.95,16.58,16.85,99793.49
